rn,Adm-clerical,Armed-Forces,Craft-repair,Exec-managerial,Farming-fishing,Handlers-cleaners,Machine-op-inspct,Other-service,Priv-house-serv,Prof-specialty,Protective-serv,Sales,Tech-support,Transport-moving
Amer-Indian-Eskimo,0.00102778330349446,0.0000331543001127246,0.00145878920495988,0.000994629003381739,0.000331543001127246,0.000729394602479942,0.000629931702141768,0.00109409190371991,0,0.00109409190371991,0.000265234400901797,0.00086201180293084,0.000132617200450898,0.000828857502818116
Asian-Pac-Islander,0.0044426762151051,0,0.00275180690935614,0.00401167031363968,0.000530468801803594,0.000729394602479942,0.00165771500563623,0.00387905311318878,0.000132617200450898,0.00583515681983953,0.000464160201578145,0.00318281281082156,0.00139248060473443,0.000663086002254492
Black,0.0159140640541078,0.0000331543001127246,0.00775810622637756,0.00779126052649029,0.00139248060473443,0.00563623101916319,0.00891850673032292,0.0183343279623367,0.000895166103043565,0.00749287182547576,0.00324912141104701,0.00822226642795571,0.00222133810755255,0.00553676811882501
Other,0.000762548902592666,0,0.000828857502818116,0.000364697301239971,0.000364697301239971,0.000364697301239971,0.00129301770439626,0.00122670910417081,0.0000994629003381739,0.000928320403156289,0.000165771500563623,0.000729394602479942,0.0000994629003381739,0.00043100590146542
White,0.101220078244148,0.000232080100789072,0.120814269610769,0.119189708905245,0.0301704131025794,0.0372985876268152,0.0526821828791194,0.0819574298786553,0.00361381871228698,0.118526622902991,0.0172070817585041,0.105828525959817,0.0263908228897288,0.0446588422518401
