rn,Husband,Not-in-family,Other-relative,Own-child,Unmarried,Wife
Amer-Indian-Eskimo,0.00291757840991977,0.00238710960811617,0.000364697301239971,0.00142563490484716,0.00182348650619985,0.000563623101916319
Asian-Pac-Islander,0.0118692394403554,0.0061998541210795,0.00225449240766527,0.00480737351634507,0.00268549830913069,0.00185664080631258
Black,0.020588820370002,0.0243021019826271,0.0048405278164578,0.0160466812545587,0.0232080100789072,0.00440952191499238
Other,0.0024202639082289,0.00192294940653803,0.000828857502818116,0.000961474703269014,0.00116040050394536,0.000364697301239971
White,0.375406140176381,0.22133810755255,0.021185597772031,0.124825939924408,0.0776142165638883,0.0394204628340296
