rn,Divorced,Married-AF-spouse,Married-civ-spouse,Married-spouse-absent,Never-married,Separated,Widowed
<=50K,0.12472647702407,0.000364697301239971,0.254160864664147,0.0112393077382136,0.306876201843379,0.0289437039984086,0.0247662621842053
>50K,0.0149857436509515,0.000331543001127246,0.212154366421325,0.00102778330349446,0.0155825210529806,0.00218818380743982,0.00265234400901797
