rn,10th,11th,12th,1st-4th,5th-6th,7th-8th,9th,Assoc-acdm,Assoc-voc,Bachelors,Doctorate,HS-grad,Masters,Preschool,Prof-school,Some-college
Divorced,0.00351435581194881,0.00394536171341423,0.00119355480405809,0.000265234400901797,0.000596777402029043,0.00205556660698893,0.00172402360586168,0.00653139712220675,0.00742656322525032,0.0170744645580532,0.00106093760360719,0.0510576221735959,0.00759233472581394,0.0000331543001127246,0.0017571779059744,0.0338836947152046
Married-AF-spouse,0,0,0,0,0,0,0,0.0000331543001127246,0.0000331543001127246,0.000132617200450898,0,0.000397851601352695,0,0,0,0.0000994629003381739
Married-civ-spouse,0.010841456136861,0.010841456136861,0.00374643591273788,0.0024202639082289,0.0047079106160069,0.0105430674358464,0.00706186592401035,0.0146210463497116,0.0218818380743982,0.0861680259929713,0.00855380942908295,0.151548305815264,0.0312313507061866,0.000530468801803594,0.0127975598435117,0.0888203700019893
Married-spouse-absent,0.000497314501690869,0.000530468801803594,0.000232080100789072,0.000331543001127246,0.000663086002254492,0.00043100590146542,0.000298388701014522,0.000331543001127246,0.000331543001127246,0.0018897951064253,0.000165771500563623,0.00358066441217426,0.000497314501690869,0.0000994629003381739,0.0000663086002254492,0.00232080100789072
Never-married,0.00991313573370466,0.0169418473576023,0.00669716862277037,0.00122670910417081,0.00271865260924342,0.00331543001127246,0.00454213911544327,0.0102778330349446,0.0113719249386645,0.0567933160930973,0.00222133810755255,0.0958159273257742,0.0126649426430608,0.000729394602479942,0.00291757840991977,0.0843113851866587
Separated,0.00129301770439626,0.00142563490484716,0.000331543001127246,0.000232080100789072,0.000596777402029043,0.000563623101916319,0.000895166103043565,0.000994629003381739,0.00132617200450898,0.00281811550958159,0.000232080100789072,0.012399708242159,0.000762548902592666,0.0000331543001127246,0.000265234400901797,0.00696240302367217
Widowed,0.00112724620383264,0.00106093760360719,0.000298388701014522,0.000530468801803594,0.000265234400901797,0.00155825210529806,0.000563623101916319,0.000629931702141768,0.000961474703269014,0.00235395530800345,0.000198925800676348,0.01143823353889,0.00119355480405809,0.0000663086002254492,0.000165771500563623,0.00500629931702142
