rn,10th,11th,12th,1st-4th,5th-6th,7th-8th,9th,Assoc-acdm,Assoc-voc,Bachelors,Doctorate,HS-grad,Masters,Preschool,Prof-school,Some-college
<=50K,0.0252304223857834,0.0327896028114847,0.0115376964392282,0.00480737351634507,0.009150586831112,0.0173065446588423,0.0142563490484716,0.0249320336847689,0.0319275910085538,0.0967442477289305,0.00314965851070884,0.272627809826935,0.0235063987799218,0.00149194350507261,0.00450898481533055,0.177110271202175
>50K,0.00195610370665075,0.00195610370665075,0.000961474703269014,0.000198925800676348,0.000397851601352695,0.00116040050394536,0.000828857502818116,0.0084875008288575,0.0114050792387773,0.0704860420396526,0.00928320403156289,0.0536105032822757,0.0304356475034812,0,0.0134606458457662,0.0442941449506001
