rn,Divorced,Married-AF-spouse,Married-civ-spouse,Married-spouse-absent,Never-married,Separated,Widowed
Husband,0,0.000298388701014522,0.412903653603872,0,0,0,0
Not-in-family,0.0751939526556594,0,0.000464160201578145,0.00600092832040316,0.147470326901399,0.0126980969431735,0.014322657648697
Other-relative,0.00341489291161064,0.0000331543001127246,0.00391220741330151,0.00086201180293084,0.0181685564617731,0.0017571779059744,0.00132617200450898
Own-child,0.0102115244347192,0.0000331543001127246,0.00275180690935614,0.00142563490484716,0.130263245142895,0.00298388701014522,0.000397851601352695
Unmarried,0.0508918506730323,0,0,0.00397851601352695,0.0265565943902924,0.0136927259465553,0.0113719249386645
Wife,0,0.000331543001127246,0.0462834029573636,0,0,0,0
