rn,Amer-Indian-Eskimo,Asian-Pac-Islander,Black,Other,White
Female,0.00354751011206153,0.00974736423314104,0.0463828658577017,0.00288442410980704,0.261753199389961
Male,0.00593461972017771,0.0199257343677475,0.0470127975598435,0.00477421921623235,0.598037265433327
