rn,Divorced,Married-AF-spouse,Married-civ-spouse,Married-spouse-absent,Never-married,Separated,Widowed
Amer-Indian-Eskimo,0.00179033220608713,0,0.00361381871228698,0.000265234400901797,0.00314965851070884,0.000331543001127246,0.000331543001127246
Asian-Pac-Islander,0.00222133810755255,0,0.0146542006498243,0.00109409190371991,0.0104104502353955,0.000596777402029043,0.000696240302367217
Black,0.0149857436509515,0.0000331543001127246,0.0253961938863471,0.00179033220608713,0.0396856972349314,0.00795703202705391,0.00354751011206153
Other,0.000762548902592666,0,0.00305019561037067,0.000464160201578145,0.00278496120946887,0.00043100590146542,0.000165771500563623
White,0.119952257807838,0.000663086002254492,0.419600822226643,0.00865327232942113,0.266427955705855,0.0218155294741728,0.0226775412771036
