rn,Divorced,Married-AF-spouse,Married-civ-spouse,Married-spouse-absent,Never-married,Separated,Widowed
Female,0.0838472249850806,0.000397851601352695,0.0490683641668324,0.00626616272130495,0.142961342086069,0.0190305682647039,0.0227438498773291
Male,0.055864995689941,0.000298388701014522,0.417246866918639,0.00600092832040316,0.179497380810291,0.0121013195411445,0.00467475631589417
