rn,10th,11th,12th,1st-4th,5th-6th,7th-8th,9th,Assoc-acdm,Assoc-voc,Bachelors,Doctorate,HS-grad,Masters,Preschool,Prof-school,Some-college
Amer-Indian-Eskimo,0.000464160201578145,0.00043100590146542,0.000165771500563623,0.0000994629003381739,0.0000663086002254492,0.000232080100789072,0.0000994629003381739,0.000232080100789072,0.000530468801803594,0.000663086002254492,0.0000663086002254492,0.00384589881307606,0.000165771500563623,0,0.0000663086002254492,0.00235395530800345
Asian-Pac-Islander,0.000364697301239971,0.000596777402029043,0.000132617200450898,0.0000994629003381739,0.000497314501690869,0.000331543001127246,0.000265234400901797,0.000895166103043565,0.00116040050394536,0.0083548836284066,0.00086201180293084,0.00639877992175585,0.00268549830913069,0.000198925800676348,0.00116040050394536,0.00566938531927591
Black,0.00394536171341423,0.00424375041442875,0.00169086930574896,0.00043100590146542,0.000596777402029043,0.00162456070552351,0.0025528811086798,0.00331543001127246,0.00358066441217426,0.00997944433393011,0.000265234400901797,0.0351767124196008,0.00258603540879252,0.000132617200450898,0.000497314501690869,0.0227770041774418
Other,0.000265234400901797,0.000232080100789072,0.000364697301239971,0.000298388701014522,0.000364697301239971,0.000497314501690869,0.000265234400901797,0.000265234400901797,0.000198925800676348,0.000762548902592666,0.0000331543001127246,0.002287646707778,0.000165771500563623,0.0000663086002254492,0.000132617200450898,0.00145878920495988
White,0.0221470724753,0.0292420926994231,0.0101452158344937,0.00407797891386513,0.00802334062727936,0.0157814468536569,0.0119023937404681,0.0287116238976195,0.0378622107287315,0.147470326901399,0.0112061534381009,0.278529275247,0.0483389695643525,0.00109409190371991,0.0161129898547842,0.189145282143094
