rn,Federal-gov,Local-gov,Private,Self-emp-inc,Self-emp-not-inc,State-gov,Without-pay
Amer-Indian-Eskimo,0.000629931702141768,0.00119355480405809,0.00629931702141768,0.0000663086002254492,0.000795703202705391,0.000497314501690869,0
Asian-Pac-Islander,0.00132617200450898,0.00129301770439626,0.0217160665738346,0.00129301770439626,0.00222133810755255,0.00179033220608713,0.0000331543001127246
Black,0.00556992241893774,0.00934951263178834,0.0696240302367217,0.000762548902592666,0.00288442410980704,0.00517207081758504,0.0000331543001127246
Other,0.000198925800676348,0.000198925800676348,0.00676347722299582,0.000132617200450898,0.000232080100789072,0.000132617200450898,0
White,0.0235395530800345,0.0564949273920828,0.634473841257211,0.033353225913401,0.0767190504608448,0.0348120151183609,0.000397851601352695
