rn,Husband,Not-in-family,Other-relative,Own-child,Unmarried,Wife
<=50K,0.224918771964724,0.228864133678138,0.0283137722962668,0.145945229096214,0.0994297460380611,0.0236058616802599
>50K,0.188283270340163,0.0272859889927724,0.00116040050394536,0.00212187520721438,0.00706186592401035,0.0230090842782309
