rn,Cambodia,Canada,China,Columbia,Cuba,Dominican-Republic,Ecuador,El-Salvador,England,France,Germany,Greece,Guatemala,Haiti,Holand-Netherlands,Honduras,Hong,Hungary,India,Iran,Ireland,Italy,Jamaica,Japan,Laos,Mexico,Nicaragua,Outlying-US(Guam-USVI-etc),Peru,Philippines,Poland,Portugal,Puerto-Rico,Scotland,South,Taiwan,Thailand,Trinadad&Tobago,United-States,Vietnam,Yugoslavia
<=50K,0.000364697301239971,0.00235395530800345,0.00159140640541078,0.00179033220608713,0.00222133810755255,0.0021550295073271,0.000762548902592666,0.00301704131025794,0.00185664080631258,0.000497314501690869,0.00278496120946887,0.000696240302367217,0.00198925800676348,0.00125986340428354,0.0000331543001127246,0.000364697301239971,0.00043100590146542,0.000331543001127246,0.00198925800676348,0.000795703202705391,0.000629931702141768,0.00145878920495988,0.00232080100789072,0.00119355480405809,0.000497314501690869,0.0191300311650421,0.00102778330349446,0.000464160201578145,0.000928320403156289,0.00424375041442875,0.00149194350507261,0.000994629003381739,0.00321596711093429,0.000298388701014522,0.0018897951064253,0.000762548902592666,0.000464160201578145,0.000530468801803594,0.679961541011869,0.00195610370665075,0.000331543001127246
>50K,0.000232080100789072,0.00119355480405809,0.000663086002254492,0.0000663086002254492,0.000828857502818116,0.0000663086002254492,0.000132617200450898,0.000298388701014522,0.000994629003381739,0.000397851601352695,0.00145878920495988,0.000265234400901797,0.0000994629003381739,0.000132617200450898,0,0.0000331543001127246,0.000198925800676348,0.0000994629003381739,0.00132617200450898,0.000596777402029043,0.000165771500563623,0.000795703202705391,0.000331543001127246,0.000762548902592666,0.0000663086002254492,0.00109409190371991,0.0000663086002254492,0,0.0000663086002254492,0.00198925800676348,0.000364697301239971,0.000132617200450898,0.000397851601352695,0.0000663086002254492,0.000464160201578145,0.000629931702141768,0.0000994629003381739,0.0000663086002254492,0.231914329288509,0.000165771500563623,0.000198925800676348
