rn,Adm-clerical,Armed-Forces,Craft-repair,Exec-managerial,Farming-fishing,Handlers-cleaners,Machine-op-inspct,Other-service,Priv-house-serv,Prof-specialty,Protective-serv,Sales,Tech-support,Transport-moving
Husband,0.019859425767522,0.0000663086002254492,0.0819574298786553,0.0710165108414561,0.0183674822624494,0.0141568861481334,0.0288110867979577,0.0165771500563623,0,0.0579868708971554,0.0122007824414827,0.049002055566607,0.0115045421391154,0.0316955109077647
Not-in-family,0.0381937537298588,0.000132617200450898,0.0270539088919833,0.0324249055102447,0.00596777402029043,0.0100457529341556,0.015052052251177,0.0310324249055102,0.00198925800676348,0.0412107950401167,0.00464160201578145,0.0289105496982959,0.00925004973145017,0.0102446787348319
Other-relative,0.0043100590146542,0.0000663086002254492,0.00324912141104701,0.00155825210529806,0.00102778330349446,0.00295073271003249,0.00251972680856707,0.00600092832040316,0.000629931702141768,0.00182348650619985,0.000397851601352695,0.00328227571115974,0.000729394602479942,0.000928320403156289
Own-child,0.0252304223857834,0.0000331543001127246,0.0124991711424972,0.00769179762615211,0.00487368211657052,0.0138253431470062,0.00858696372919568,0.0291757840991977,0.000729394602479942,0.0103441416351701,0.00265234400901797,0.0231085471785691,0.00387905311318878,0.00543730521848684
Unmarried,0.0242357933824017,0,0.00805649492739208,0.0118360851402427,0.00205556660698893,0.00324912141104701,0.00749287182547576,0.0178701677607586,0.00112724620383264,0.0124660168423845,0.00122670910417081,0.0103441416351701,0.00328227571115974,0.00324912141104701
Wife,0.0115376964392282,0,0.000795703202705391,0.00782441482660301,0.000497314501690869,0.000530468801803594,0.00271865260924342,0.00583515681983953,0.000265234400901797,0.0100457529341556,0.000232080100789072,0.0041774418142033,0.00159140640541078,0.000563623101916319
