rn,Adm-clerical,Armed-Forces,Craft-repair,Exec-managerial,Farming-fishing,Handlers-cleaners,Machine-op-inspct,Other-service,Priv-house-serv,Prof-specialty,Protective-serv,Sales,Tech-support,Transport-moving
Female,0.0832836018831643,0,0.00716132882434852,0.0378953650288442,0.0021550295073271,0.00543730521848684,0.0180027849612095,0.0582852595981699,0.00447583051521782,0.0494330614680724,0.00251972680856707,0.0413765665406803,0.0113056163384391,0.00298388701014522
Male,0.0400835488362841,0.000298388701014522,0.126450500629932,0.0944566010211524,0.0306345733041576,0.0393209999336914,0.0471785690604071,0.0482063523639016,0.000265234400901797,0.0844440023871096,0.0188316424640276,0.0774484450633247,0.0189311053643658,0.0491346727670579
