rn,Amer-Indian-Eskimo,Asian-Pac-Islander,Black,Other,White
<=50K,0.0083548836284066,0.0214508321729328,0.0812611895762881,0.00696240302367217,0.633048206352364
>50K,0.00112724620383264,0.00822226642795571,0.0121344738412572,0.000696240302367217,0.226742258470924
