rn,10th,11th,12th,1st-4th,5th-6th,7th-8th,9th,Assoc-acdm,Assoc-voc,Bachelors,Doctorate,HS-grad,Masters,Preschool,Prof-school,Some-college
Husband,0.00981367283336649,0.00964790133280286,0.00305019561037067,0.00205556660698893,0.00411113321397785,0.00981367283336649,0.0061998541210795,0.0122007824414827,0.0192294940653803,0.0762548902592666,0.00792387772694118,0.134540149857437,0.0275512233936742,0.000364697301239971,0.0119355480405809,0.0785093826669319
Not-in-family,0.00613354552085406,0.00616669982096678,0.00271865260924342,0.00145878920495988,0.00205556660698893,0.00351435581194881,0.00308334991048339,0.0102778330349446,0.0108746104369737,0.0521517140773158,0.00288442410980704,0.0779457595650156,0.0163119156554605,0.000663086002254492,0.00387905311318878,0.0560307671905046
Other-relative,0.00122670910417081,0.00172402360586168,0.000596777402029043,0.000530468801803594,0.00129301770439626,0.000994629003381739,0.000961474703269014,0.000331543001127246,0.000729394602479942,0.00271865260924342,0.0000663086002254492,0.0117366222399045,0.000298388701014522,0.000132617200450898,0.000132617200450898,0.00600092832040316
Own-child,0.00583515681983953,0.0122339367415954,0.004575293415556,0.000265234400901797,0.000464160201578145,0.00142563490484716,0.00222133810755255,0.00397851601352695,0.00440952191499238,0.0164445328559114,0.000232080100789072,0.0463165572574763,0.00182348650619985,0.000198925800676348,0.00043100590146542,0.0472117233605199
Unmarried,0.00338173861149791,0.00414428751409058,0.00112724620383264,0.000563623101916319,0.00132617200450898,0.00212187520721438,0.00198925800676348,0.0043100590146542,0.00570253961938863,0.0106756846362973,0.000729394602479942,0.0406803262383131,0.0044426762151051,0.0000663086002254492,0.000762548902592666,0.0244678734831908
Wife,0.000795703202705391,0.000828857502818116,0.00043100590146542,0.000132617200450898,0.000298388701014522,0.000596777402029043,0.000629931702141768,0.00232080100789072,0.00238710960811617,0.00898481533054837,0.000596777402029043,0.0150188979510643,0.00351435581194881,0.0000663086002254492,0.000828857502818116,0.00918374113122472
