rn,Federal-gov,Local-gov,Private,Self-emp-inc,Self-emp-not-inc,State-gov,Without-pay
Female,0.0102446787348319,0.0273191432928851,0.253365161461442,0.0041774418142033,0.0129964856441881,0.0160466812545587,0.000165771500563623
Male,0.0210198262714674,0.0412107950401167,0.485511570850739,0.0314302765068629,0.0698561103375108,0.0263576685896161,0.000298388701014522
