rn,Federal-gov,Local-gov,Private,Self-emp-inc,Self-emp-not-inc,State-gov,Without-pay
Husband,0.0139248060473443,0.0281811550958159,0.278860818248127,0.0250646508852198,0.0504276904714542,0.016610304356475,0.000132617200450898
Not-in-family,0.00911743253099927,0.016975001657715,0.195577216364963,0.00543730521848684,0.0167429215569259,0.0123002453418208,0
Other-relative,0.000696240302367217,0.00132617200450898,0.0248657250845435,0.000232080100789072,0.00162456070552351,0.000729394602479942,0
Own-child,0.00208872090710165,0.00706186592401035,0.126516809230157,0.00185664080631258,0.00503945361713414,0.00533784231814866,0.000165771500563623
Unmarried,0.00407797891386513,0.00991313573370466,0.0805317949738081,0.00162456070552351,0.00507260791724687,0.00520522511769777,0.0000663086002254492
Wife,0.00135932630462171,0.00507260791724687,0.0325243684105829,0.00139248060473443,0.00394536171341423,0.00222133810755255,0.0000994629003381739
