rn,Adm-clerical,Armed-Forces,Craft-repair,Exec-managerial,Farming-fishing,Handlers-cleaners,Machine-op-inspct,Other-service,Priv-house-serv,Prof-specialty,Protective-serv,Sales,Tech-support,Transport-moving
<=50K,0.106856309263311,0.000265234400901797,0.103507724951926,0.0681320867316491,0.0289768582985213,0.0420064982428221,0.0570585504939991,0.102115244347192,0.0047079106160069,0.0738346263510377,0.0143889662489225,0.0866653404946622,0.0210198262714674,0.041542338041244
>50K,0.0165108414561369,0.0000331543001127246,0.030104104502354,0.0642198793183476,0.00381274451296333,0.00275180690935614,0.00812280352761753,0.00437636761487965,0.0000331543001127246,0.0600424375041443,0.00696240302367217,0.0321596711093429,0.00921689543133744,0.0105762217359592
