rn,Federal-gov,Local-gov,Private,Self-emp-inc,Self-emp-not-inc,State-gov,Without-pay
<=50K,0.0191631854651548,0.0483389695643525,0.577216364962536,0.0157151382534315,0.0591804257012135,0.0309992706053975,0.000464160201578145
>50K,0.0121013195411445,0.0201909687686493,0.161660367349645,0.0198925800676348,0.0236721702804854,0.0114050792387773,0
