rn,Husband,Not-in-family,Other-relative,Own-child,Unmarried,Wife
Female,0.0000331543001127246,0.118228234201976,0.0127975598435117,0.065015582521053,0.0816590411776407,0.0465817916583781
Male,0.413168888004774,0.137921888468934,0.0166766129567005,0.0830515217823752,0.0248325707844307,0.0000331543001127246
