rn,10th,11th,12th,1st-4th,5th-6th,7th-8th,9th,Assoc-acdm,Assoc-voc,Bachelors,Doctorate,HS-grad,Masters,Preschool,Prof-school,Some-college
Female,0.00828857502818116,0.0123002453418208,0.0040448246137524,0.00142563490484716,0.002287646707778,0.00437636761487965,0.00394536171341423,0.0130959485445262,0.0150852065512897,0.0504608447715669,0.00268549830913069,0.102977256150123,0.0168755387573768,0.000464160201578145,0.00288442410980704,0.0831178303826006
Male,0.018897951064253,0.0224454611763146,0.00845434652874478,0.00358066441217426,0.00726079172468669,0.014090577547908,0.0111398448378755,0.0203235859691002,0.0282474636960414,0.116769444997016,0.00974736423314104,0.223261056959088,0.0370665075260261,0.00102778330349446,0.0150852065512897,0.138286585770174
