rn,Female,Male
<=50K,0.287447781977322,0.463629732776341
>50K,0.0368675817253498,0.212054903520987
