rn,Federal-gov,Local-gov,Private,Self-emp-inc,Self-emp-not-inc,State-gov,Without-pay
Divorced,0.00550361381871229,0.012035010940919,0.102546250248657,0.00324912141104701,0.00944897553212652,0.00692924872355945,0
Married-AF-spouse,0.0000994629003381739,0,0.000497314501690869,0,0.0000663086002254492,0.0000331543001127246,0
Married-civ-spouse,0.0153172866520788,0.03358530601419,0.31662356607652,0.0265897486904052,0.0548703666865592,0.0190637225648167,0.000265234400901797
Married-spouse-absent,0.000364697301239971,0.000696240302367217,0.00944897553212652,0.000132617200450898,0.00102778330349446,0.000563623101916319,0.0000331543001127246
Never-married,0.00795703202705391,0.0173728532590677,0.266063258404615,0.0040448246137524,0.0132948743452026,0.0135932630462171,0.000132617200450898
Separated,0.000828857502818116,0.00198925800676348,0.0245673363835289,0.000663086002254492,0.00172402360586168,0.00135932630462171,0
Widowed,0.00119355480405809,0.00285126980969432,0.0191300311650421,0.000928320403156289,0.0024202639082289,0.00086201180293084,0.0000331543001127246
